Day,Sales,Expenses,Customers
1.000000000000000000e+00,2.000000000000000000e+02,1.500000000000000000e+02,5.000000000000000000e+01
2.000000000000000000e+00,2.200000000000000000e+02,1.600000000000000000e+02,5.500000000000000000e+01
3.000000000000000000e+00,2.100000000000000000e+02,1.550000000000000000e+02,5.200000000000000000e+01
4.000000000000000000e+00,2.500000000000000000e+02,1.800000000000000000e+02,7.000000000000000000e+01
5.000000000000000000e+00,2.800000000000000000e+02,1.900000000000000000e+02,8.500000000000000000e+01
6.000000000000000000e+00,3.100000000000000000e+02,2.000000000000000000e+02,9.500000000000000000e+01
7.000000000000000000e+00,3.000000000000000000e+02,1.950000000000000000e+02,9.000000000000000000e+01
